timestamp_iso,unix_ms,trial_id,label,radar_status,pir_placeholder,distance_cm,inference,speed_m_s,esp_millis,radar_bin,ultrasonic_active,inference_code,distance_change_cm,speed_cm_s,radar_count,raw_message
2026-06-25T22:51:00.000,1782427860000,synthetic_static_object_145cm_trial_06,static_object,STILL,PIR_REMOVED,143.8,STATIC_OBJECT_NEAR,0.0,523937,0,1,2,0.0,0.0,0,"STILL,PIR_REMOVED,143.8,STATIC_OBJECT_NEAR,0.000,523937,0,1,2,0.0,0.00,0"
2026-06-25T22:51:00.334,1782427860334,synthetic_static_object_145cm_trial_06,static_object,STILL,PIR_REMOVED,145.6,STATIC_OBJECT_NEAR,0.0,524271,0,1,2,0.0,0.0,0,"STILL,PIR_REMOVED,145.6,STATIC_OBJECT_NEAR,0.000,524271,0,1,2,0.0,0.00,0"
2026-06-25T22:51:00.681,1782427860681,synthetic_static_object_145cm_trial_06,static_object,STILL,PIR_REMOVED,143.8,STATIC_OBJECT_NEAR,0.0,524618,0,1,2,0.0,0.0,0,"STILL,PIR_REMOVED,143.8,STATIC_OBJECT_NEAR,0.000,524618,0,1,2,0.0,0.00,0"
2026-06-25T22:51:01.023,1782427861023,synthetic_static_object_145cm_trial_06,static_object,STILL,PIR_REMOVED,143.1,STATIC_OBJECT_NEAR,0.0,524960,0,1,2,0.0,0.0,0,"STILL,PIR_REMOVED,143.1,STATIC_OBJECT_NEAR,0.000,524960,0,1,2,0.0,0.00,0"
2026-06-25T22:51:01.346,1782427861346,synthetic_static_object_145cm_trial_06,static_object,STILL,PIR_REMOVED,144.5,STATIC_OBJECT_NEAR,0.0,525283,0,1,2,0.0,0.0,0,"STILL,PIR_REMOVED,144.5,STATIC_OBJECT_NEAR,0.000,525283,0,1,2,0.0,0.00,0"
2026-06-25T22:51:01.702,1782427861702,synthetic_static_object_145cm_trial_06,static_object,STILL,PIR_REMOVED,145.7,STATIC_OBJECT_NEAR,0.0,525639,0,1,2,0.0,0.0,0,"STILL,PIR_REMOVED,145.7,STATIC_OBJECT_NEAR,0.000,525639,0,1,2,0.0,0.00,0"
2026-06-25T22:51:02.070,1782427862070,synthetic_static_object_145cm_trial_06,static_object,STILL,PIR_REMOVED,145.1,STATIC_OBJECT_NEAR,0.0,526007,0,1,2,0.0,0.0,0,"STILL,PIR_REMOVED,145.1,STATIC_OBJECT_NEAR,0.000,526007,0,1,2,0.0,0.00,0"
2026-06-25T22:51:02.435,1782427862435,synthetic_static_object_145cm_trial_06,static_object,STILL,PIR_REMOVED,144.4,STATIC_OBJECT_NEAR,0.0,526372,0,1,2,0.0,0.0,0,"STILL,PIR_REMOVED,144.4,STATIC_OBJECT_NEAR,0.000,526372,0,1,2,0.0,0.00,0"
2026-06-25T22:51:02.784,1782427862784,synthetic_static_object_145cm_trial_06,static_object,STILL,PIR_REMOVED,144.4,STATIC_OBJECT_NEAR,0.0,526721,0,1,2,0.0,0.0,0,"STILL,PIR_REMOVED,144.4,STATIC_OBJECT_NEAR,0.000,526721,0,1,2,0.0,0.00,0"
2026-06-25T22:51:03.115,1782427863115,synthetic_static_object_145cm_trial_06,static_object,STILL,PIR_REMOVED,144.3,STATIC_OBJECT_NEAR,0.0,527052,0,1,2,0.0,0.0,0,"STILL,PIR_REMOVED,144.3,STATIC_OBJECT_NEAR,0.000,527052,0,1,2,0.0,0.00,0"
2026-06-25T22:51:03.460,1782427863460,synthetic_static_object_145cm_trial_06,static_object,STILL,PIR_REMOVED,145.8,STATIC_OBJECT_NEAR,0.0,527397,0,1,2,0.0,0.0,0,"STILL,PIR_REMOVED,145.8,STATIC_OBJECT_NEAR,0.000,527397,0,1,2,0.0,0.00,0"
2026-06-25T22:51:03.768,1782427863768,synthetic_static_object_145cm_trial_06,static_object,STILL,PIR_REMOVED,145.2,STATIC_OBJECT_NEAR,0.0,527705,0,1,2,0.0,0.0,0,"STILL,PIR_REMOVED,145.2,STATIC_OBJECT_NEAR,0.000,527705,0,1,2,0.0,0.00,0"
2026-06-25T22:51:04.133,1782427864133,synthetic_static_object_145cm_trial_06,static_object,STILL,PIR_REMOVED,144.6,STATIC_OBJECT_NEAR,0.0,528070,0,1,2,0.0,0.0,0,"STILL,PIR_REMOVED,144.6,STATIC_OBJECT_NEAR,0.000,528070,0,1,2,0.0,0.00,0"
2026-06-25T22:51:04.438,1782427864438,synthetic_static_object_145cm_trial_06,static_object,STILL,PIR_REMOVED,145.6,STATIC_OBJECT_NEAR,0.0,528375,0,1,2,0.0,0.0,0,"STILL,PIR_REMOVED,145.6,STATIC_OBJECT_NEAR,0.000,528375,0,1,2,0.0,0.00,0"
2026-06-25T22:51:04.775,1782427864775,synthetic_static_object_145cm_trial_06,static_object,STILL,PIR_REMOVED,145.1,STATIC_OBJECT_NEAR,0.0,528712,0,1,2,0.0,0.0,0,"STILL,PIR_REMOVED,145.1,STATIC_OBJECT_NEAR,0.000,528712,0,1,2,0.0,0.00,0"
2026-06-25T22:51:05.111,1782427865111,synthetic_static_object_145cm_trial_06,static_object,STILL,PIR_REMOVED,144.6,STATIC_OBJECT_NEAR,0.0,529048,0,1,2,0.0,0.0,0,"STILL,PIR_REMOVED,144.6,STATIC_OBJECT_NEAR,0.000,529048,0,1,2,0.0,0.00,0"
2026-06-25T22:51:05.448,1782427865448,synthetic_static_object_145cm_trial_06,static_object,STILL,PIR_REMOVED,146.1,STATIC_OBJECT_NEAR,0.0,529385,0,1,2,0.0,0.0,0,"STILL,PIR_REMOVED,146.1,STATIC_OBJECT_NEAR,0.000,529385,0,1,2,0.0,0.00,0"
2026-06-25T22:51:05.807,1782427865807,synthetic_static_object_145cm_trial_06,static_object,STILL,PIR_REMOVED,145.2,STATIC_OBJECT_NEAR,0.0,529744,0,1,2,0.0,0.0,0,"STILL,PIR_REMOVED,145.2,STATIC_OBJECT_NEAR,0.000,529744,0,1,2,0.0,0.00,0"
2026-06-25T22:51:06.113,1782427866113,synthetic_static_object_145cm_trial_06,static_object,STILL,PIR_REMOVED,145.2,STATIC_OBJECT_NEAR,0.0,530050,0,1,2,0.0,0.0,0,"STILL,PIR_REMOVED,145.2,STATIC_OBJECT_NEAR,0.000,530050,0,1,2,0.0,0.00,0"
2026-06-25T22:51:06.426,1782427866426,synthetic_static_object_145cm_trial_06,static_object,STILL,PIR_REMOVED,145.1,STATIC_OBJECT_NEAR,0.0,530363,0,1,2,0.0,0.0,0,"STILL,PIR_REMOVED,145.1,STATIC_OBJECT_NEAR,0.000,530363,0,1,2,0.0,0.00,0"
2026-06-25T22:51:06.772,1782427866772,synthetic_static_object_145cm_trial_06,static_object,STILL,PIR_REMOVED,146.2,STATIC_OBJECT_NEAR,0.0,530709,0,1,2,0.0,0.0,0,"STILL,PIR_REMOVED,146.2,STATIC_OBJECT_NEAR,0.000,530709,0,1,2,0.0,0.00,0"
2026-06-25T22:51:07.112,1782427867112,synthetic_static_object_145cm_trial_06,static_object,STILL,PIR_REMOVED,144.4,STATIC_OBJECT_NEAR,0.0,531049,0,1,2,0.0,0.0,0,"STILL,PIR_REMOVED,144.4,STATIC_OBJECT_NEAR,0.000,531049,0,1,2,0.0,0.00,0"
2026-06-25T22:51:07.463,1782427867463,synthetic_static_object_145cm_trial_06,static_object,STILL,PIR_REMOVED,145.3,STATIC_OBJECT_NEAR,0.0,531400,0,1,2,0.0,0.0,0,"STILL,PIR_REMOVED,145.3,STATIC_OBJECT_NEAR,0.000,531400,0,1,2,0.0,0.00,0"
2026-06-25T22:51:07.758,1782427867758,synthetic_static_object_145cm_trial_06,static_object,STILL,PIR_REMOVED,145.4,STATIC_OBJECT_NEAR,0.0,531695,0,1,2,0.0,0.0,0,"STILL,PIR_REMOVED,145.4,STATIC_OBJECT_NEAR,0.000,531695,0,1,2,0.0,0.00,0"
2026-06-25T22:51:08.078,1782427868078,synthetic_static_object_145cm_trial_06,static_object,STILL,PIR_REMOVED,144.8,STATIC_OBJECT_NEAR,0.0,532015,0,1,2,0.0,0.0,0,"STILL,PIR_REMOVED,144.8,STATIC_OBJECT_NEAR,0.000,532015,0,1,2,0.0,0.00,0"
2026-06-25T22:51:08.395,1782427868395,synthetic_static_object_145cm_trial_06,static_object,STILL,PIR_REMOVED,144.7,STATIC_OBJECT_NEAR,0.0,532332,0,1,2,0.0,0.0,0,"STILL,PIR_REMOVED,144.7,STATIC_OBJECT_NEAR,0.000,532332,0,1,2,0.0,0.00,0"
2026-06-25T22:51:08.748,1782427868748,synthetic_static_object_145cm_trial_06,static_object,STILL,PIR_REMOVED,144.3,STATIC_OBJECT_NEAR,0.0,532685,0,1,2,0.0,0.0,0,"STILL,PIR_REMOVED,144.3,STATIC_OBJECT_NEAR,0.000,532685,0,1,2,0.0,0.00,0"
2026-06-25T22:51:09.061,1782427869061,synthetic_static_object_145cm_trial_06,static_object,STILL,PIR_REMOVED,143.8,STATIC_OBJECT_NEAR,0.0,532998,0,1,2,0.0,0.0,0,"STILL,PIR_REMOVED,143.8,STATIC_OBJECT_NEAR,0.000,532998,0,1,2,0.0,0.00,0"
2026-06-25T22:51:09.397,1782427869397,synthetic_static_object_145cm_trial_06,static_object,STILL,PIR_REMOVED,145.2,STATIC_OBJECT_NEAR,0.0,533334,0,1,2,0.0,0.0,0,"STILL,PIR_REMOVED,145.2,STATIC_OBJECT_NEAR,0.000,533334,0,1,2,0.0,0.00,0"
2026-06-25T22:51:09.712,1782427869712,synthetic_static_object_145cm_trial_06,static_object,STILL,PIR_REMOVED,144.2,STATIC_OBJECT_NEAR,0.0,533649,0,1,2,0.0,0.0,0,"STILL,PIR_REMOVED,144.2,STATIC_OBJECT_NEAR,0.000,533649,0,1,2,0.0,0.00,0"
2026-06-25T22:51:10.045,1782427870045,synthetic_static_object_145cm_trial_06,static_object,STILL,PIR_REMOVED,144.6,STATIC_OBJECT_NEAR,0.0,533982,0,1,2,0.0,0.0,0,"STILL,PIR_REMOVED,144.6,STATIC_OBJECT_NEAR,0.000,533982,0,1,2,0.0,0.00,0"
2026-06-25T22:51:10.362,1782427870362,synthetic_static_object_145cm_trial_06,static_object,STILL,PIR_REMOVED,143.7,STATIC_OBJECT_NEAR,0.0,534299,0,1,2,0.0,0.0,0,"STILL,PIR_REMOVED,143.7,STATIC_OBJECT_NEAR,0.000,534299,0,1,2,0.0,0.00,0"
2026-06-25T22:51:10.660,1782427870660,synthetic_static_object_145cm_trial_06,static_object,STILL,PIR_REMOVED,145.0,STATIC_OBJECT_NEAR,0.0,534597,0,1,2,0.0,0.0,0,"STILL,PIR_REMOVED,145.0,STATIC_OBJECT_NEAR,0.000,534597,0,1,2,0.0,0.00,0"
2026-06-25T22:51:11.023,1782427871023,synthetic_static_object_145cm_trial_06,static_object,STILL,PIR_REMOVED,145.6,STATIC_OBJECT_NEAR,0.0,534960,0,1,2,0.0,0.0,0,"STILL,PIR_REMOVED,145.6,STATIC_OBJECT_NEAR,0.000,534960,0,1,2,0.0,0.00,0"
2026-06-25T22:51:11.332,1782427871332,synthetic_static_object_145cm_trial_06,static_object,STILL,PIR_REMOVED,145.3,STATIC_OBJECT_NEAR,0.0,535269,0,1,2,0.0,0.0,0,"STILL,PIR_REMOVED,145.3,STATIC_OBJECT_NEAR,0.000,535269,0,1,2,0.0,0.00,0"
2026-06-25T22:51:11.644,1782427871644,synthetic_static_object_145cm_trial_06,static_object,STILL,PIR_REMOVED,144.5,STATIC_OBJECT_NEAR,0.0,535581,0,1,2,0.0,0.0,0,"STILL,PIR_REMOVED,144.5,STATIC_OBJECT_NEAR,0.000,535581,0,1,2,0.0,0.00,0"
2026-06-25T22:51:11.987,1782427871987,synthetic_static_object_145cm_trial_06,static_object,STILL,PIR_REMOVED,144.3,STATIC_OBJECT_NEAR,0.0,535924,0,1,2,0.0,0.0,0,"STILL,PIR_REMOVED,144.3,STATIC_OBJECT_NEAR,0.000,535924,0,1,2,0.0,0.00,0"
2026-06-25T22:51:12.326,1782427872326,synthetic_static_object_145cm_trial_06,static_object,STILL,PIR_REMOVED,146.0,STATIC_OBJECT_NEAR,0.0,536263,0,1,2,0.0,0.0,0,"STILL,PIR_REMOVED,146.0,STATIC_OBJECT_NEAR,0.000,536263,0,1,2,0.0,0.00,0"
2026-06-25T22:51:12.665,1782427872665,synthetic_static_object_145cm_trial_06,static_object,STILL,PIR_REMOVED,144.5,STATIC_OBJECT_NEAR,0.0,536602,0,1,2,0.0,0.0,0,"STILL,PIR_REMOVED,144.5,STATIC_OBJECT_NEAR,0.000,536602,0,1,2,0.0,0.00,0"
2026-06-25T22:51:12.992,1782427872992,synthetic_static_object_145cm_trial_06,static_object,STILL,PIR_REMOVED,144.8,STATIC_OBJECT_NEAR,0.0,536929,0,1,2,0.0,0.0,0,"STILL,PIR_REMOVED,144.8,STATIC_OBJECT_NEAR,0.000,536929,0,1,2,0.0,0.00,0"
2026-06-25T22:51:13.319,1782427873319,synthetic_static_object_145cm_trial_06,static_object,STILL,PIR_REMOVED,145.2,STATIC_OBJECT_NEAR,0.0,537256,0,1,2,0.0,0.0,0,"STILL,PIR_REMOVED,145.2,STATIC_OBJECT_NEAR,0.000,537256,0,1,2,0.0,0.00,0"
2026-06-25T22:51:13.683,1782427873683,synthetic_static_object_145cm_trial_06,static_object,STILL,PIR_REMOVED,146.2,STATIC_OBJECT_NEAR,0.0,537620,0,1,2,0.0,0.0,0,"STILL,PIR_REMOVED,146.2,STATIC_OBJECT_NEAR,0.000,537620,0,1,2,0.0,0.00,0"
2026-06-25T22:51:14.043,1782427874043,synthetic_static_object_145cm_trial_06,static_object,STILL,PIR_REMOVED,145.7,STATIC_OBJECT_NEAR,0.0,537980,0,1,2,0.0,0.0,0,"STILL,PIR_REMOVED,145.7,STATIC_OBJECT_NEAR,0.000,537980,0,1,2,0.0,0.00,0"
2026-06-25T22:51:14.387,1782427874387,synthetic_static_object_145cm_trial_06,static_object,STILL,PIR_REMOVED,144.4,STATIC_OBJECT_NEAR,0.0,538324,0,1,2,0.0,0.0,0,"STILL,PIR_REMOVED,144.4,STATIC_OBJECT_NEAR,0.000,538324,0,1,2,0.0,0.00,0"
2026-06-25T22:51:14.723,1782427874723,synthetic_static_object_145cm_trial_06,static_object,STILL,PIR_REMOVED,144.2,STATIC_OBJECT_NEAR,0.0,538660,0,1,2,0.0,0.0,0,"STILL,PIR_REMOVED,144.2,STATIC_OBJECT_NEAR,0.000,538660,0,1,2,0.0,0.00,0"
2026-06-25T22:51:15.025,1782427875025,synthetic_static_object_145cm_trial_06,static_object,STILL,PIR_REMOVED,144.9,STATIC_OBJECT_NEAR,0.0,538962,0,1,2,0.0,0.0,0,"STILL,PIR_REMOVED,144.9,STATIC_OBJECT_NEAR,0.000,538962,0,1,2,0.0,0.00,0"
2026-06-25T22:51:15.338,1782427875338,synthetic_static_object_145cm_trial_06,static_object,STILL,PIR_REMOVED,144.6,STATIC_OBJECT_NEAR,0.0,539275,0,1,2,0.0,0.0,0,"STILL,PIR_REMOVED,144.6,STATIC_OBJECT_NEAR,0.000,539275,0,1,2,0.0,0.00,0"
2026-06-25T22:51:15.644,1782427875644,synthetic_static_object_145cm_trial_06,static_object,STILL,PIR_REMOVED,144.0,STATIC_OBJECT_NEAR,0.0,539581,0,1,2,0.0,0.0,0,"STILL,PIR_REMOVED,144.0,STATIC_OBJECT_NEAR,0.000,539581,0,1,2,0.0,0.00,0"
2026-06-25T22:51:15.982,1782427875982,synthetic_static_object_145cm_trial_06,static_object,STILL,PIR_REMOVED,145.5,STATIC_OBJECT_NEAR,0.0,539919,0,1,2,0.0,0.0,0,"STILL,PIR_REMOVED,145.5,STATIC_OBJECT_NEAR,0.000,539919,0,1,2,0.0,0.00,0"
2026-06-25T22:51:16.350,1782427876350,synthetic_static_object_145cm_trial_06,static_object,STILL,PIR_REMOVED,144.3,STATIC_OBJECT_NEAR,0.0,540287,0,1,2,0.0,0.0,0,"STILL,PIR_REMOVED,144.3,STATIC_OBJECT_NEAR,0.000,540287,0,1,2,0.0,0.00,0"
2026-06-25T22:51:16.669,1782427876669,synthetic_static_object_145cm_trial_06,static_object,STILL,PIR_REMOVED,146.1,STATIC_OBJECT_NEAR,0.0,540606,0,1,2,0.0,0.0,0,"STILL,PIR_REMOVED,146.1,STATIC_OBJECT_NEAR,0.000,540606,0,1,2,0.0,0.00,0"
2026-06-25T22:51:17.002,1782427877002,synthetic_static_object_145cm_trial_06,static_object,STILL,PIR_REMOVED,143.8,STATIC_OBJECT_NEAR,0.072,540939,0,1,2,2.4,7.21,0,"STILL,PIR_REMOVED,143.8,STATIC_OBJECT_NEAR,0.072,540939,0,1,2,2.4,7.21,0"
2026-06-25T22:51:17.336,1782427877336,synthetic_static_object_145cm_trial_06,static_object,STILL,PIR_REMOVED,145.1,STATIC_OBJECT_NEAR,0.0,541273,0,1,2,0.0,0.0,0,"STILL,PIR_REMOVED,145.1,STATIC_OBJECT_NEAR,0.000,541273,0,1,2,0.0,0.00,0"
2026-06-25T22:51:17.660,1782427877660,synthetic_static_object_145cm_trial_06,static_object,STILL,PIR_REMOVED,144.6,STATIC_OBJECT_NEAR,0.0,541597,0,1,2,0.0,0.0,0,"STILL,PIR_REMOVED,144.6,STATIC_OBJECT_NEAR,0.000,541597,0,1,2,0.0,0.00,0"
2026-06-25T22:51:17.953,1782427877953,synthetic_static_object_145cm_trial_06,static_object,STILL,PIR_REMOVED,145.3,STATIC_OBJECT_NEAR,0.0,541890,0,1,2,0.0,0.0,0,"STILL,PIR_REMOVED,145.3,STATIC_OBJECT_NEAR,0.000,541890,0,1,2,0.0,0.00,0"
2026-06-25T22:51:18.286,1782427878286,synthetic_static_object_145cm_trial_06,static_object,STILL,PIR_REMOVED,144.9,STATIC_OBJECT_NEAR,0.0,542223,0,1,2,0.0,0.0,0,"STILL,PIR_REMOVED,144.9,STATIC_OBJECT_NEAR,0.000,542223,0,1,2,0.0,0.00,0"
2026-06-25T22:51:18.598,1782427878598,synthetic_static_object_145cm_trial_06,static_object,STILL,PIR_REMOVED,145.2,STATIC_OBJECT_NEAR,0.0,542535,0,1,2,0.0,0.0,0,"STILL,PIR_REMOVED,145.2,STATIC_OBJECT_NEAR,0.000,542535,0,1,2,0.0,0.00,0"
2026-06-25T22:51:18.908,1782427878908,synthetic_static_object_145cm_trial_06,static_object,STILL,PIR_REMOVED,144.4,STATIC_OBJECT_NEAR,0.0,542845,0,1,2,0.0,0.0,0,"STILL,PIR_REMOVED,144.4,STATIC_OBJECT_NEAR,0.000,542845,0,1,2,0.0,0.00,0"
2026-06-25T22:51:19.252,1782427879252,synthetic_static_object_145cm_trial_06,static_object,STILL,PIR_REMOVED,145.2,STATIC_OBJECT_NEAR,0.0,543189,0,1,2,0.0,0.0,0,"STILL,PIR_REMOVED,145.2,STATIC_OBJECT_NEAR,0.000,543189,0,1,2,0.0,0.00,0"
2026-06-25T22:51:19.584,1782427879584,synthetic_static_object_145cm_trial_06,static_object,STILL,PIR_REMOVED,144.9,STATIC_OBJECT_NEAR,0.0,543521,0,1,2,0.0,0.0,0,"STILL,PIR_REMOVED,144.9,STATIC_OBJECT_NEAR,0.000,543521,0,1,2,0.0,0.00,0"
2026-06-25T22:51:19.914,1782427879914,synthetic_static_object_145cm_trial_06,static_object,STILL,PIR_REMOVED,145.0,STATIC_OBJECT_NEAR,0.0,543851,0,1,2,0.0,0.0,0,"STILL,PIR_REMOVED,145.0,STATIC_OBJECT_NEAR,0.000,543851,0,1,2,0.0,0.00,0"
2026-06-25T22:51:20.222,1782427880222,synthetic_static_object_145cm_trial_06,static_object,STILL,PIR_REMOVED,145.1,STATIC_OBJECT_NEAR,0.0,544159,0,1,2,0.0,0.0,0,"STILL,PIR_REMOVED,145.1,STATIC_OBJECT_NEAR,0.000,544159,0,1,2,0.0,0.00,0"
2026-06-25T22:51:20.577,1782427880577,synthetic_static_object_145cm_trial_06,static_object,STILL,PIR_REMOVED,144.8,STATIC_OBJECT_NEAR,0.0,544514,0,1,2,0.0,0.0,0,"STILL,PIR_REMOVED,144.8,STATIC_OBJECT_NEAR,0.000,544514,0,1,2,0.0,0.00,0"
2026-06-25T22:51:20.868,1782427880868,synthetic_static_object_145cm_trial_06,static_object,STILL,PIR_REMOVED,143.6,STATIC_OBJECT_NEAR,0.0,544805,0,1,2,0.0,0.0,0,"STILL,PIR_REMOVED,143.6,STATIC_OBJECT_NEAR,0.000,544805,0,1,2,0.0,0.00,0"
2026-06-25T22:51:21.238,1782427881238,synthetic_static_object_145cm_trial_06,static_object,STILL,PIR_REMOVED,145.0,STATIC_OBJECT_NEAR,0.0,545175,0,1,2,0.0,0.0,0,"STILL,PIR_REMOVED,145.0,STATIC_OBJECT_NEAR,0.000,545175,0,1,2,0.0,0.00,0"
2026-06-25T22:51:21.565,1782427881565,synthetic_static_object_145cm_trial_06,static_object,STILL,PIR_REMOVED,145.4,STATIC_OBJECT_NEAR,0.0,545502,0,1,2,0.0,0.0,0,"STILL,PIR_REMOVED,145.4,STATIC_OBJECT_NEAR,0.000,545502,0,1,2,0.0,0.00,0"
2026-06-25T22:51:21.907,1782427881907,synthetic_static_object_145cm_trial_06,static_object,STILL,PIR_REMOVED,145.0,STATIC_OBJECT_NEAR,0.0,545844,0,1,2,0.0,0.0,0,"STILL,PIR_REMOVED,145.0,STATIC_OBJECT_NEAR,0.000,545844,0,1,2,0.0,0.00,0"
2026-06-25T22:51:22.246,1782427882246,synthetic_static_object_145cm_trial_06,static_object,STILL,PIR_REMOVED,144.9,STATIC_OBJECT_NEAR,0.0,546183,0,1,2,0.0,0.0,0,"STILL,PIR_REMOVED,144.9,STATIC_OBJECT_NEAR,0.000,546183,0,1,2,0.0,0.00,0"
2026-06-25T22:51:22.588,1782427882588,synthetic_static_object_145cm_trial_06,static_object,STILL,PIR_REMOVED,144.0,STATIC_OBJECT_NEAR,0.0,546525,0,1,2,0.0,0.0,0,"STILL,PIR_REMOVED,144.0,STATIC_OBJECT_NEAR,0.000,546525,0,1,2,0.0,0.00,0"
2026-06-25T22:51:22.908,1782427882908,synthetic_static_object_145cm_trial_06,static_object,STILL,PIR_REMOVED,145.3,STATIC_OBJECT_NEAR,0.0,546845,0,1,2,0.0,0.0,0,"STILL,PIR_REMOVED,145.3,STATIC_OBJECT_NEAR,0.000,546845,0,1,2,0.0,0.00,0"
2026-06-25T22:51:23.242,1782427883242,synthetic_static_object_145cm_trial_06,static_object,STILL,PIR_REMOVED,144.8,STATIC_OBJECT_NEAR,0.0,547179,0,1,2,0.0,0.0,0,"STILL,PIR_REMOVED,144.8,STATIC_OBJECT_NEAR,0.000,547179,0,1,2,0.0,0.00,0"
2026-06-25T22:51:23.515,1782427883515,synthetic_static_object_145cm_trial_06,static_object,STILL,PIR_REMOVED,144.2,STATIC_OBJECT_NEAR,0.0,547452,0,1,2,0.0,0.0,0,"STILL,PIR_REMOVED,144.2,STATIC_OBJECT_NEAR,0.000,547452,0,1,2,0.0,0.00,0"
2026-06-25T22:51:23.845,1782427883845,synthetic_static_object_145cm_trial_06,static_object,STILL,PIR_REMOVED,145.7,STATIC_OBJECT_NEAR,0.0,547782,0,1,2,0.0,0.0,0,"STILL,PIR_REMOVED,145.7,STATIC_OBJECT_NEAR,0.000,547782,0,1,2,0.0,0.00,0"
2026-06-25T22:51:24.196,1782427884196,synthetic_static_object_145cm_trial_06,static_object,STILL,PIR_REMOVED,144.6,STATIC_OBJECT_NEAR,0.0,548133,0,1,2,0.0,0.0,0,"STILL,PIR_REMOVED,144.6,STATIC_OBJECT_NEAR,0.000,548133,0,1,2,0.0,0.00,0"
2026-06-25T22:51:24.506,1782427884506,synthetic_static_object_145cm_trial_06,static_object,STILL,PIR_REMOVED,146.5,STATIC_OBJECT_NEAR,0.0,548443,0,1,2,0.0,0.0,0,"STILL,PIR_REMOVED,146.5,STATIC_OBJECT_NEAR,0.000,548443,0,1,2,0.0,0.00,0"
2026-06-25T22:51:24.852,1782427884852,synthetic_static_object_145cm_trial_06,static_object,STILL,PIR_REMOVED,144.6,STATIC_OBJECT_NEAR,0.0,548789,0,1,2,0.0,0.0,0,"STILL,PIR_REMOVED,144.6,STATIC_OBJECT_NEAR,0.000,548789,0,1,2,0.0,0.00,0"
2026-06-25T22:51:25.188,1782427885188,synthetic_static_object_145cm_trial_06,static_object,STILL,PIR_REMOVED,144.7,STATIC_OBJECT_NEAR,0.0,549125,0,1,2,0.0,0.0,0,"STILL,PIR_REMOVED,144.7,STATIC_OBJECT_NEAR,0.000,549125,0,1,2,0.0,0.00,0"
2026-06-25T22:51:25.503,1782427885503,synthetic_static_object_145cm_trial_06,static_object,STILL,PIR_REMOVED,145.7,STATIC_OBJECT_NEAR,0.0,549440,0,1,2,0.0,0.0,0,"STILL,PIR_REMOVED,145.7,STATIC_OBJECT_NEAR,0.000,549440,0,1,2,0.0,0.00,0"
2026-06-25T22:51:25.806,1782427885806,synthetic_static_object_145cm_trial_06,static_object,STILL,PIR_REMOVED,146.0,STATIC_OBJECT_NEAR,0.0,549743,0,1,2,0.0,0.0,0,"STILL,PIR_REMOVED,146.0,STATIC_OBJECT_NEAR,0.000,549743,0,1,2,0.0,0.00,0"
2026-06-25T22:51:26.109,1782427886109,synthetic_static_object_145cm_trial_06,static_object,STILL,PIR_REMOVED,146.0,STATIC_OBJECT_NEAR,0.0,550046,0,1,2,0.0,0.0,0,"STILL,PIR_REMOVED,146.0,STATIC_OBJECT_NEAR,0.000,550046,0,1,2,0.0,0.00,0"
2026-06-25T22:51:26.418,1782427886418,synthetic_static_object_145cm_trial_06,static_object,STILL,PIR_REMOVED,145.8,STATIC_OBJECT_NEAR,0.0,550355,0,1,2,0.0,0.0,0,"STILL,PIR_REMOVED,145.8,STATIC_OBJECT_NEAR,0.000,550355,0,1,2,0.0,0.00,0"
2026-06-25T22:51:26.742,1782427886742,synthetic_static_object_145cm_trial_06,static_object,STILL,PIR_REMOVED,144.1,STATIC_OBJECT_NEAR,0.0,550679,0,1,2,0.0,0.0,0,"STILL,PIR_REMOVED,144.1,STATIC_OBJECT_NEAR,0.000,550679,0,1,2,0.0,0.00,0"
2026-06-25T22:51:27.060,1782427887060,synthetic_static_object_145cm_trial_06,static_object,STILL,PIR_REMOVED,145.0,STATIC_OBJECT_NEAR,0.0,550997,0,1,2,0.0,0.0,0,"STILL,PIR_REMOVED,145.0,STATIC_OBJECT_NEAR,0.000,550997,0,1,2,0.0,0.00,0"
2026-06-25T22:51:27.394,1782427887394,synthetic_static_object_145cm_trial_06,static_object,STILL,PIR_REMOVED,145.6,STATIC_OBJECT_NEAR,0.0,551331,0,1,2,0.0,0.0,0,"STILL,PIR_REMOVED,145.6,STATIC_OBJECT_NEAR,0.000,551331,0,1,2,0.0,0.00,0"
2026-06-25T22:51:27.691,1782427887691,synthetic_static_object_145cm_trial_06,static_object,STILL,PIR_REMOVED,144.7,STATIC_OBJECT_NEAR,0.0,551628,0,1,2,0.0,0.0,0,"STILL,PIR_REMOVED,144.7,STATIC_OBJECT_NEAR,0.000,551628,0,1,2,0.0,0.00,0"
2026-06-25T22:51:28.020,1782427888020,synthetic_static_object_145cm_trial_06,static_object,STILL,PIR_REMOVED,144.3,STATIC_OBJECT_NEAR,0.0,551957,0,1,2,0.0,0.0,0,"STILL,PIR_REMOVED,144.3,STATIC_OBJECT_NEAR,0.000,551957,0,1,2,0.0,0.00,0"
2026-06-25T22:51:28.380,1782427888380,synthetic_static_object_145cm_trial_06,static_object,STILL,PIR_REMOVED,145.0,STATIC_OBJECT_NEAR,0.0,552317,0,1,2,0.0,0.0,0,"STILL,PIR_REMOVED,145.0,STATIC_OBJECT_NEAR,0.000,552317,0,1,2,0.0,0.00,0"
2026-06-25T22:51:28.692,1782427888692,synthetic_static_object_145cm_trial_06,static_object,STILL,PIR_REMOVED,146.1,STATIC_OBJECT_NEAR,0.0,552629,0,1,2,0.0,0.0,0,"STILL,PIR_REMOVED,146.1,STATIC_OBJECT_NEAR,0.000,552629,0,1,2,0.0,0.00,0"
2026-06-25T22:51:29.004,1782427889004,synthetic_static_object_145cm_trial_06,static_object,STILL,PIR_REMOVED,145.0,STATIC_OBJECT_NEAR,0.0,552941,0,1,2,0.0,0.0,0,"STILL,PIR_REMOVED,145.0,STATIC_OBJECT_NEAR,0.000,552941,0,1,2,0.0,0.00,0"
2026-06-25T22:51:29.353,1782427889353,synthetic_static_object_145cm_trial_06,static_object,STILL,PIR_REMOVED,143.3,STATIC_OBJECT_NEAR,0.0,553290,0,1,2,0.0,0.0,0,"STILL,PIR_REMOVED,143.3,STATIC_OBJECT_NEAR,0.000,553290,0,1,2,0.0,0.00,0"
2026-06-25T22:51:29.689,1782427889689,synthetic_static_object_145cm_trial_06,static_object,STILL,PIR_REMOVED,145.8,STATIC_OBJECT_NEAR,-0.074,553626,0,1,2,-2.5,-7.44,0,"STILL,PIR_REMOVED,145.8,STATIC_OBJECT_NEAR,-0.074,553626,0,1,2,-2.5,-7.44,0"
2026-06-25T22:51:30.011,1782427890011,synthetic_static_object_145cm_trial_06,static_object,STILL,PIR_REMOVED,146.6,STATIC_OBJECT_NEAR,0.0,553948,0,1,2,0.0,0.0,0,"STILL,PIR_REMOVED,146.6,STATIC_OBJECT_NEAR,0.000,553948,0,1,2,0.0,0.00,0"
2026-06-25T22:51:30.349,1782427890349,synthetic_static_object_145cm_trial_06,static_object,STILL,PIR_REMOVED,145.6,STATIC_OBJECT_NEAR,0.0,554286,0,1,2,0.0,0.0,0,"STILL,PIR_REMOVED,145.6,STATIC_OBJECT_NEAR,0.000,554286,0,1,2,0.0,0.00,0"
2026-06-25T22:51:30.691,1782427890691,synthetic_static_object_145cm_trial_06,static_object,STILL,PIR_REMOVED,145.0,STATIC_OBJECT_NEAR,0.0,554628,0,1,2,0.0,0.0,0,"STILL,PIR_REMOVED,145.0,STATIC_OBJECT_NEAR,0.000,554628,0,1,2,0.0,0.00,0"
2026-06-25T22:51:31.051,1782427891051,synthetic_static_object_145cm_trial_06,static_object,STILL,PIR_REMOVED,145.6,STATIC_OBJECT_NEAR,0.0,554988,0,1,2,0.0,0.0,0,"STILL,PIR_REMOVED,145.6,STATIC_OBJECT_NEAR,0.000,554988,0,1,2,0.0,0.00,0"
2026-06-25T22:51:31.348,1782427891348,synthetic_static_object_145cm_trial_06,static_object,STILL,PIR_REMOVED,146.0,STATIC_OBJECT_NEAR,0.0,555285,0,1,2,0.0,0.0,0,"STILL,PIR_REMOVED,146.0,STATIC_OBJECT_NEAR,0.000,555285,0,1,2,0.0,0.00,0"
2026-06-25T22:51:31.681,1782427891681,synthetic_static_object_145cm_trial_06,static_object,STILL,PIR_REMOVED,145.1,STATIC_OBJECT_NEAR,0.0,555618,0,1,2,0.0,0.0,0,"STILL,PIR_REMOVED,145.1,STATIC_OBJECT_NEAR,0.000,555618,0,1,2,0.0,0.00,0"
2026-06-25T22:51:32.027,1782427892027,synthetic_static_object_145cm_trial_06,static_object,STILL,PIR_REMOVED,144.3,STATIC_OBJECT_NEAR,0.0,555964,0,1,2,0.0,0.0,0,"STILL,PIR_REMOVED,144.3,STATIC_OBJECT_NEAR,0.000,555964,0,1,2,0.0,0.00,0"
2026-06-25T22:51:32.403,1782427892403,synthetic_static_object_145cm_trial_06,static_object,STILL,PIR_REMOVED,146.0,STATIC_OBJECT_NEAR,0.0,556340,0,1,2,0.0,0.0,0,"STILL,PIR_REMOVED,146.0,STATIC_OBJECT_NEAR,0.000,556340,0,1,2,0.0,0.00,0"
2026-06-25T22:51:32.728,1782427892728,synthetic_static_object_145cm_trial_06,static_object,STILL,PIR_REMOVED,145.0,STATIC_OBJECT_NEAR,0.0,556665,0,1,2,0.0,0.0,0,"STILL,PIR_REMOVED,145.0,STATIC_OBJECT_NEAR,0.000,556665,0,1,2,0.0,0.00,0"
2026-06-25T22:51:33.058,1782427893058,synthetic_static_object_145cm_trial_06,static_object,STILL,PIR_REMOVED,144.3,STATIC_OBJECT_NEAR,0.0,556995,0,1,2,0.0,0.0,0,"STILL,PIR_REMOVED,144.3,STATIC_OBJECT_NEAR,0.000,556995,0,1,2,0.0,0.00,0"
2026-06-25T22:51:33.408,1782427893408,synthetic_static_object_145cm_trial_06,static_object,STILL,PIR_REMOVED,145.4,STATIC_OBJECT_NEAR,0.0,557345,0,1,2,0.0,0.0,0,"STILL,PIR_REMOVED,145.4,STATIC_OBJECT_NEAR,0.000,557345,0,1,2,0.0,0.00,0"
2026-06-25T22:51:33.776,1782427893776,synthetic_static_object_145cm_trial_06,static_object,STILL,PIR_REMOVED,144.6,STATIC_OBJECT_NEAR,0.0,557713,0,1,2,0.0,0.0,0,"STILL,PIR_REMOVED,144.6,STATIC_OBJECT_NEAR,0.000,557713,0,1,2,0.0,0.00,0"
2026-06-25T22:51:34.104,1782427894104,synthetic_static_object_145cm_trial_06,static_object,STILL,PIR_REMOVED,144.7,STATIC_OBJECT_NEAR,0.0,558041,0,1,2,0.0,0.0,0,"STILL,PIR_REMOVED,144.7,STATIC_OBJECT_NEAR,0.000,558041,0,1,2,0.0,0.00,0"
2026-06-25T22:51:34.386,1782427894386,synthetic_static_object_145cm_trial_06,static_object,STILL,PIR_REMOVED,144.7,STATIC_OBJECT_NEAR,0.0,558323,0,1,2,0.0,0.0,0,"STILL,PIR_REMOVED,144.7,STATIC_OBJECT_NEAR,0.000,558323,0,1,2,0.0,0.00,0"
2026-06-25T22:51:34.723,1782427894723,synthetic_static_object_145cm_trial_06,static_object,STILL,PIR_REMOVED,145.1,STATIC_OBJECT_NEAR,0.0,558660,0,1,2,0.0,0.0,0,"STILL,PIR_REMOVED,145.1,STATIC_OBJECT_NEAR,0.000,558660,0,1,2,0.0,0.00,0"
2026-06-25T22:51:35.052,1782427895052,synthetic_static_object_145cm_trial_06,static_object,STILL,PIR_REMOVED,144.7,STATIC_OBJECT_NEAR,0.0,558989,0,1,2,0.0,0.0,0,"STILL,PIR_REMOVED,144.7,STATIC_OBJECT_NEAR,0.000,558989,0,1,2,0.0,0.00,0"
2026-06-25T22:51:35.363,1782427895363,synthetic_static_object_145cm_trial_06,static_object,STILL,PIR_REMOVED,145.0,STATIC_OBJECT_NEAR,0.0,559300,0,1,2,0.0,0.0,0,"STILL,PIR_REMOVED,145.0,STATIC_OBJECT_NEAR,0.000,559300,0,1,2,0.0,0.00,0"
2026-06-25T22:51:35.716,1782427895716,synthetic_static_object_145cm_trial_06,static_object,STILL,PIR_REMOVED,145.9,STATIC_OBJECT_NEAR,0.0,559653,0,1,2,0.0,0.0,0,"STILL,PIR_REMOVED,145.9,STATIC_OBJECT_NEAR,0.000,559653,0,1,2,0.0,0.00,0"
2026-06-25T22:51:36.016,1782427896016,synthetic_static_object_145cm_trial_06,static_object,STILL,PIR_REMOVED,146.3,STATIC_OBJECT_NEAR,0.0,559953,0,1,2,0.0,0.0,0,"STILL,PIR_REMOVED,146.3,STATIC_OBJECT_NEAR,0.000,559953,0,1,2,0.0,0.00,0"
2026-06-25T22:51:36.341,1782427896341,synthetic_static_object_145cm_trial_06,static_object,STILL,PIR_REMOVED,144.6,STATIC_OBJECT_NEAR,0.0,560278,0,1,2,0.0,0.0,0,"STILL,PIR_REMOVED,144.6,STATIC_OBJECT_NEAR,0.000,560278,0,1,2,0.0,0.00,0"
2026-06-25T22:51:36.656,1782427896656,synthetic_static_object_145cm_trial_06,static_object,STILL,PIR_REMOVED,143.8,STATIC_OBJECT_NEAR,0.0,560593,0,1,2,0.0,0.0,0,"STILL,PIR_REMOVED,143.8,STATIC_OBJECT_NEAR,0.000,560593,0,1,2,0.0,0.00,0"
2026-06-25T22:51:36.965,1782427896965,synthetic_static_object_145cm_trial_06,static_object,STILL,PIR_REMOVED,145.8,STATIC_OBJECT_NEAR,0.0,560902,0,1,2,0.0,0.0,0,"STILL,PIR_REMOVED,145.8,STATIC_OBJECT_NEAR,0.000,560902,0,1,2,0.0,0.00,0"
2026-06-25T22:51:37.289,1782427897289,synthetic_static_object_145cm_trial_06,static_object,STILL,PIR_REMOVED,147.1,STATIC_OBJECT_NEAR,0.0,561226,0,1,2,0.0,0.0,0,"STILL,PIR_REMOVED,147.1,STATIC_OBJECT_NEAR,0.000,561226,0,1,2,0.0,0.00,0"
2026-06-25T22:51:37.603,1782427897603,synthetic_static_object_145cm_trial_06,static_object,STILL,PIR_REMOVED,143.6,STATIC_OBJECT_NEAR,0.115,561540,0,1,2,3.6,11.46,0,"STILL,PIR_REMOVED,143.6,STATIC_OBJECT_NEAR,0.115,561540,0,1,2,3.6,11.46,0"
2026-06-25T22:51:37.941,1782427897941,synthetic_static_object_145cm_trial_06,static_object,STILL,PIR_REMOVED,145.2,STATIC_OBJECT_NEAR,0.0,561878,0,1,2,0.0,0.0,0,"STILL,PIR_REMOVED,145.2,STATIC_OBJECT_NEAR,0.000,561878,0,1,2,0.0,0.00,0"
2026-06-25T22:51:38.301,1782427898301,synthetic_static_object_145cm_trial_06,static_object,STILL,PIR_REMOVED,144.7,STATIC_OBJECT_NEAR,0.0,562238,0,1,2,0.0,0.0,0,"STILL,PIR_REMOVED,144.7,STATIC_OBJECT_NEAR,0.000,562238,0,1,2,0.0,0.00,0"
2026-06-25T22:51:38.629,1782427898629,synthetic_static_object_145cm_trial_06,static_object,STILL,PIR_REMOVED,144.2,STATIC_OBJECT_NEAR,0.0,562566,0,1,2,0.0,0.0,0,"STILL,PIR_REMOVED,144.2,STATIC_OBJECT_NEAR,0.000,562566,0,1,2,0.0,0.00,0"
2026-06-25T22:51:38.975,1782427898975,synthetic_static_object_145cm_trial_06,static_object,STILL,PIR_REMOVED,145.2,STATIC_OBJECT_NEAR,0.0,562912,0,1,2,0.0,0.0,0,"STILL,PIR_REMOVED,145.2,STATIC_OBJECT_NEAR,0.000,562912,0,1,2,0.0,0.00,0"
2026-06-25T22:51:39.318,1782427899318,synthetic_static_object_145cm_trial_06,static_object,STILL,PIR_REMOVED,144.5,STATIC_OBJECT_NEAR,0.0,563255,0,1,2,0.0,0.0,0,"STILL,PIR_REMOVED,144.5,STATIC_OBJECT_NEAR,0.000,563255,0,1,2,0.0,0.00,0"
2026-06-25T22:51:39.654,1782427899654,synthetic_static_object_145cm_trial_06,static_object,STILL,PIR_REMOVED,145.1,STATIC_OBJECT_NEAR,0.0,563591,0,1,2,0.0,0.0,0,"STILL,PIR_REMOVED,145.1,STATIC_OBJECT_NEAR,0.000,563591,0,1,2,0.0,0.00,0"
2026-06-25T22:51:39.939,1782427899939,synthetic_static_object_145cm_trial_06,static_object,STILL,PIR_REMOVED,143.3,STATIC_OBJECT_NEAR,0.0,563876,0,1,2,0.0,0.0,0,"STILL,PIR_REMOVED,143.3,STATIC_OBJECT_NEAR,0.000,563876,0,1,2,0.0,0.00,0"
2026-06-25T22:51:40.285,1782427900285,synthetic_static_object_145cm_trial_06,static_object,STILL,PIR_REMOVED,145.2,STATIC_OBJECT_NEAR,0.0,564222,0,1,2,0.0,0.0,0,"STILL,PIR_REMOVED,145.2,STATIC_OBJECT_NEAR,0.000,564222,0,1,2,0.0,0.00,0"
2026-06-25T22:51:40.610,1782427900610,synthetic_static_object_145cm_trial_06,static_object,STILL,PIR_REMOVED,146.3,STATIC_OBJECT_NEAR,0.0,564547,0,1,2,0.0,0.0,0,"STILL,PIR_REMOVED,146.3,STATIC_OBJECT_NEAR,0.000,564547,0,1,2,0.0,0.00,0"
2026-06-25T22:51:40.926,1782427900926,synthetic_static_object_145cm_trial_06,static_object,STILL,PIR_REMOVED,144.8,STATIC_OBJECT_NEAR,0.0,564863,0,1,2,0.0,0.0,0,"STILL,PIR_REMOVED,144.8,STATIC_OBJECT_NEAR,0.000,564863,0,1,2,0.0,0.00,0"
2026-06-25T22:51:41.227,1782427901227,synthetic_static_object_145cm_trial_06,static_object,STILL,PIR_REMOVED,145.1,STATIC_OBJECT_NEAR,0.0,565164,0,1,2,0.0,0.0,0,"STILL,PIR_REMOVED,145.1,STATIC_OBJECT_NEAR,0.000,565164,0,1,2,0.0,0.00,0"
2026-06-25T22:51:41.555,1782427901555,synthetic_static_object_145cm_trial_06,static_object,STILL,PIR_REMOVED,145.2,STATIC_OBJECT_NEAR,0.0,565492,0,1,2,0.0,0.0,0,"STILL,PIR_REMOVED,145.2,STATIC_OBJECT_NEAR,0.000,565492,0,1,2,0.0,0.00,0"
2026-06-25T22:51:41.888,1782427901888,synthetic_static_object_145cm_trial_06,static_object,STILL,PIR_REMOVED,146.0,STATIC_OBJECT_NEAR,0.0,565825,0,1,2,0.0,0.0,0,"STILL,PIR_REMOVED,146.0,STATIC_OBJECT_NEAR,0.000,565825,0,1,2,0.0,0.00,0"
2026-06-25T22:51:42.220,1782427902220,synthetic_static_object_145cm_trial_06,static_object,STILL,PIR_REMOVED,145.7,STATIC_OBJECT_NEAR,0.0,566157,0,1,2,0.0,0.0,0,"STILL,PIR_REMOVED,145.7,STATIC_OBJECT_NEAR,0.000,566157,0,1,2,0.0,0.00,0"
2026-06-25T22:51:42.563,1782427902563,synthetic_static_object_145cm_trial_06,static_object,STILL,PIR_REMOVED,143.8,STATIC_OBJECT_NEAR,0.0,566500,0,1,2,0.0,0.0,0,"STILL,PIR_REMOVED,143.8,STATIC_OBJECT_NEAR,0.000,566500,0,1,2,0.0,0.00,0"
2026-06-25T22:51:42.852,1782427902852,synthetic_static_object_145cm_trial_06,static_object,STILL,PIR_REMOVED,145.9,STATIC_OBJECT_NEAR,-0.073,566789,0,1,2,-2.1,-7.27,0,"STILL,PIR_REMOVED,145.9,STATIC_OBJECT_NEAR,-0.073,566789,0,1,2,-2.1,-7.27,0"
2026-06-25T22:51:43.196,1782427903196,synthetic_static_object_145cm_trial_06,static_object,STILL,PIR_REMOVED,145.4,STATIC_OBJECT_NEAR,0.0,567133,0,1,2,0.0,0.0,0,"STILL,PIR_REMOVED,145.4,STATIC_OBJECT_NEAR,0.000,567133,0,1,2,0.0,0.00,0"
2026-06-25T22:51:43.511,1782427903511,synthetic_static_object_145cm_trial_06,static_object,STILL,PIR_REMOVED,144.7,STATIC_OBJECT_NEAR,0.0,567448,0,1,2,0.0,0.0,0,"STILL,PIR_REMOVED,144.7,STATIC_OBJECT_NEAR,0.000,567448,0,1,2,0.0,0.00,0"
2026-06-25T22:51:43.827,1782427903827,synthetic_static_object_145cm_trial_06,static_object,STILL,PIR_REMOVED,145.4,STATIC_OBJECT_NEAR,0.0,567764,0,1,2,0.0,0.0,0,"STILL,PIR_REMOVED,145.4,STATIC_OBJECT_NEAR,0.000,567764,0,1,2,0.0,0.00,0"
2026-06-25T22:51:44.143,1782427904143,synthetic_static_object_145cm_trial_06,static_object,STILL,PIR_REMOVED,145.1,STATIC_OBJECT_NEAR,0.0,568080,0,1,2,0.0,0.0,0,"STILL,PIR_REMOVED,145.1,STATIC_OBJECT_NEAR,0.000,568080,0,1,2,0.0,0.00,0"
2026-06-25T22:51:44.428,1782427904428,synthetic_static_object_145cm_trial_06,static_object,STILL,PIR_REMOVED,145.2,STATIC_OBJECT_NEAR,0.0,568365,0,1,2,0.0,0.0,0,"STILL,PIR_REMOVED,145.2,STATIC_OBJECT_NEAR,0.000,568365,0,1,2,0.0,0.00,0"
2026-06-25T22:51:44.776,1782427904776,synthetic_static_object_145cm_trial_06,static_object,STILL,PIR_REMOVED,144.3,STATIC_OBJECT_NEAR,0.0,568713,0,1,2,0.0,0.0,0,"STILL,PIR_REMOVED,144.3,STATIC_OBJECT_NEAR,0.000,568713,0,1,2,0.0,0.00,0"
2026-06-25T22:51:45.140,1782427905140,synthetic_static_object_145cm_trial_06,static_object,STILL,PIR_REMOVED,145.4,STATIC_OBJECT_NEAR,0.0,569077,0,1,2,0.0,0.0,0,"STILL,PIR_REMOVED,145.4,STATIC_OBJECT_NEAR,0.000,569077,0,1,2,0.0,0.00,0"
2026-06-25T22:51:45.474,1782427905474,synthetic_static_object_145cm_trial_06,static_object,STILL,PIR_REMOVED,144.2,STATIC_OBJECT_NEAR,0.0,569411,0,1,2,0.0,0.0,0,"STILL,PIR_REMOVED,144.2,STATIC_OBJECT_NEAR,0.000,569411,0,1,2,0.0,0.00,0"
2026-06-25T22:51:45.837,1782427905837,synthetic_static_object_145cm_trial_06,static_object,STILL,PIR_REMOVED,145.3,STATIC_OBJECT_NEAR,0.0,569774,0,1,2,0.0,0.0,0,"STILL,PIR_REMOVED,145.3,STATIC_OBJECT_NEAR,0.000,569774,0,1,2,0.0,0.00,0"
2026-06-25T22:51:46.124,1782427906124,synthetic_static_object_145cm_trial_06,static_object,STILL,PIR_REMOVED,146.0,STATIC_OBJECT_NEAR,0.0,570061,0,1,2,0.0,0.0,0,"STILL,PIR_REMOVED,146.0,STATIC_OBJECT_NEAR,0.000,570061,0,1,2,0.0,0.00,0"
2026-06-25T22:51:46.473,1782427906473,synthetic_static_object_145cm_trial_06,static_object,STILL,PIR_REMOVED,144.6,STATIC_OBJECT_NEAR,0.0,570410,0,1,2,0.0,0.0,0,"STILL,PIR_REMOVED,144.6,STATIC_OBJECT_NEAR,0.000,570410,0,1,2,0.0,0.00,0"
2026-06-25T22:51:46.815,1782427906815,synthetic_static_object_145cm_trial_06,static_object,STILL,PIR_REMOVED,144.2,STATIC_OBJECT_NEAR,0.0,570752,0,1,2,0.0,0.0,0,"STILL,PIR_REMOVED,144.2,STATIC_OBJECT_NEAR,0.000,570752,0,1,2,0.0,0.00,0"
2026-06-25T22:51:47.161,1782427907161,synthetic_static_object_145cm_trial_06,static_object,STILL,PIR_REMOVED,145.4,STATIC_OBJECT_NEAR,0.0,571098,0,1,2,0.0,0.0,0,"STILL,PIR_REMOVED,145.4,STATIC_OBJECT_NEAR,0.000,571098,0,1,2,0.0,0.00,0"
2026-06-25T22:51:47.479,1782427907479,synthetic_static_object_145cm_trial_06,static_object,STILL,PIR_REMOVED,145.0,STATIC_OBJECT_NEAR,0.0,571416,0,1,2,0.0,0.0,0,"STILL,PIR_REMOVED,145.0,STATIC_OBJECT_NEAR,0.000,571416,0,1,2,0.0,0.00,0"
2026-06-25T22:51:47.793,1782427907793,synthetic_static_object_145cm_trial_06,static_object,STILL,PIR_REMOVED,144.5,STATIC_OBJECT_NEAR,0.0,571730,0,1,2,0.0,0.0,0,"STILL,PIR_REMOVED,144.5,STATIC_OBJECT_NEAR,0.000,571730,0,1,2,0.0,0.00,0"
2026-06-25T22:51:48.169,1782427908169,synthetic_static_object_145cm_trial_06,static_object,STILL,PIR_REMOVED,144.4,STATIC_OBJECT_NEAR,0.0,572106,0,1,2,0.0,0.0,0,"STILL,PIR_REMOVED,144.4,STATIC_OBJECT_NEAR,0.000,572106,0,1,2,0.0,0.00,0"
2026-06-25T22:51:48.536,1782427908536,synthetic_static_object_145cm_trial_06,static_object,STILL,PIR_REMOVED,145.4,STATIC_OBJECT_NEAR,0.0,572473,0,1,2,0.0,0.0,0,"STILL,PIR_REMOVED,145.4,STATIC_OBJECT_NEAR,0.000,572473,0,1,2,0.0,0.00,0"
2026-06-25T22:51:48.821,1782427908821,synthetic_static_object_145cm_trial_06,static_object,STILL,PIR_REMOVED,145.4,STATIC_OBJECT_NEAR,0.0,572758,0,1,2,0.0,0.0,0,"STILL,PIR_REMOVED,145.4,STATIC_OBJECT_NEAR,0.000,572758,0,1,2,0.0,0.00,0"
2026-06-25T22:51:49.157,1782427909157,synthetic_static_object_145cm_trial_06,static_object,STILL,PIR_REMOVED,145.4,STATIC_OBJECT_NEAR,0.0,573094,0,1,2,0.0,0.0,0,"STILL,PIR_REMOVED,145.4,STATIC_OBJECT_NEAR,0.000,573094,0,1,2,0.0,0.00,0"
2026-06-25T22:51:49.471,1782427909471,synthetic_static_object_145cm_trial_06,static_object,STILL,PIR_REMOVED,145.0,STATIC_OBJECT_NEAR,0.0,573408,0,1,2,0.0,0.0,0,"STILL,PIR_REMOVED,145.0,STATIC_OBJECT_NEAR,0.000,573408,0,1,2,0.0,0.00,0"
2026-06-25T22:51:49.770,1782427909770,synthetic_static_object_145cm_trial_06,static_object,STILL,PIR_REMOVED,144.0,STATIC_OBJECT_NEAR,0.0,573707,0,1,2,0.0,0.0,0,"STILL,PIR_REMOVED,144.0,STATIC_OBJECT_NEAR,0.000,573707,0,1,2,0.0,0.00,0"
2026-06-25T22:51:50.091,1782427910091,synthetic_static_object_145cm_trial_06,static_object,STILL,PIR_REMOVED,146.4,STATIC_OBJECT_NEAR,-0.075,574028,0,1,2,-2.4,-7.48,0,"STILL,PIR_REMOVED,146.4,STATIC_OBJECT_NEAR,-0.075,574028,0,1,2,-2.4,-7.48,0"
2026-06-25T22:51:50.426,1782427910426,synthetic_static_object_145cm_trial_06,static_object,STILL,PIR_REMOVED,145.0,STATIC_OBJECT_NEAR,0.0,574363,0,1,2,0.0,0.0,0,"STILL,PIR_REMOVED,145.0,STATIC_OBJECT_NEAR,0.000,574363,0,1,2,0.0,0.00,0"
2026-06-25T22:51:50.735,1782427910735,synthetic_static_object_145cm_trial_06,static_object,STILL,PIR_REMOVED,144.6,STATIC_OBJECT_NEAR,0.0,574672,0,1,2,0.0,0.0,0,"STILL,PIR_REMOVED,144.6,STATIC_OBJECT_NEAR,0.000,574672,0,1,2,0.0,0.00,0"
2026-06-25T22:51:51.062,1782427911062,synthetic_static_object_145cm_trial_06,static_object,STILL,PIR_REMOVED,145.3,STATIC_OBJECT_NEAR,0.0,574999,0,1,2,0.0,0.0,0,"STILL,PIR_REMOVED,145.3,STATIC_OBJECT_NEAR,0.000,574999,0,1,2,0.0,0.00,0"
2026-06-25T22:51:51.416,1782427911416,synthetic_static_object_145cm_trial_06,static_object,STILL,PIR_REMOVED,144.8,STATIC_OBJECT_NEAR,0.0,575353,0,1,2,0.0,0.0,0,"STILL,PIR_REMOVED,144.8,STATIC_OBJECT_NEAR,0.000,575353,0,1,2,0.0,0.00,0"
2026-06-25T22:51:51.757,1782427911757,synthetic_static_object_145cm_trial_06,static_object,STILL,PIR_REMOVED,145.6,STATIC_OBJECT_NEAR,0.0,575694,0,1,2,0.0,0.0,0,"STILL,PIR_REMOVED,145.6,STATIC_OBJECT_NEAR,0.000,575694,0,1,2,0.0,0.00,0"
2026-06-25T22:51:52.093,1782427912093,synthetic_static_object_145cm_trial_06,static_object,STILL,PIR_REMOVED,145.6,STATIC_OBJECT_NEAR,0.0,576030,0,1,2,0.0,0.0,0,"STILL,PIR_REMOVED,145.6,STATIC_OBJECT_NEAR,0.000,576030,0,1,2,0.0,0.00,0"
2026-06-25T22:51:52.429,1782427912429,synthetic_static_object_145cm_trial_06,static_object,STILL,PIR_REMOVED,145.7,STATIC_OBJECT_NEAR,0.0,576366,0,1,2,0.0,0.0,0,"STILL,PIR_REMOVED,145.7,STATIC_OBJECT_NEAR,0.000,576366,0,1,2,0.0,0.00,0"
2026-06-25T22:51:52.760,1782427912760,synthetic_static_object_145cm_trial_06,static_object,STILL,PIR_REMOVED,144.9,STATIC_OBJECT_NEAR,0.0,576697,0,1,2,0.0,0.0,0,"STILL,PIR_REMOVED,144.9,STATIC_OBJECT_NEAR,0.000,576697,0,1,2,0.0,0.00,0"
2026-06-25T22:51:53.095,1782427913095,synthetic_static_object_145cm_trial_06,static_object,STILL,PIR_REMOVED,144.3,STATIC_OBJECT_NEAR,0.0,577032,0,1,2,0.0,0.0,0,"STILL,PIR_REMOVED,144.3,STATIC_OBJECT_NEAR,0.000,577032,0,1,2,0.0,0.00,0"
2026-06-25T22:51:53.463,1782427913463,synthetic_static_object_145cm_trial_06,static_object,STILL,PIR_REMOVED,145.9,STATIC_OBJECT_NEAR,0.0,577400,0,1,2,0.0,0.0,0,"STILL,PIR_REMOVED,145.9,STATIC_OBJECT_NEAR,0.000,577400,0,1,2,0.0,0.00,0"
2026-06-25T22:51:53.794,1782427913794,synthetic_static_object_145cm_trial_06,static_object,STILL,PIR_REMOVED,145.0,STATIC_OBJECT_NEAR,0.0,577731,0,1,2,0.0,0.0,0,"STILL,PIR_REMOVED,145.0,STATIC_OBJECT_NEAR,0.000,577731,0,1,2,0.0,0.00,0"
2026-06-25T22:51:54.166,1782427914166,synthetic_static_object_145cm_trial_06,static_object,STILL,PIR_REMOVED,145.1,STATIC_OBJECT_NEAR,0.0,578103,0,1,2,0.0,0.0,0,"STILL,PIR_REMOVED,145.1,STATIC_OBJECT_NEAR,0.000,578103,0,1,2,0.0,0.00,0"
2026-06-25T22:51:54.524,1782427914524,synthetic_static_object_145cm_trial_06,static_object,STILL,PIR_REMOVED,144.3,STATIC_OBJECT_NEAR,0.0,578461,0,1,2,0.0,0.0,0,"STILL,PIR_REMOVED,144.3,STATIC_OBJECT_NEAR,0.000,578461,0,1,2,0.0,0.00,0"
2026-06-25T22:51:54.854,1782427914854,synthetic_static_object_145cm_trial_06,static_object,STILL,PIR_REMOVED,145.0,STATIC_OBJECT_NEAR,0.0,578791,0,1,2,0.0,0.0,0,"STILL,PIR_REMOVED,145.0,STATIC_OBJECT_NEAR,0.000,578791,0,1,2,0.0,0.00,0"
2026-06-25T22:51:55.191,1782427915191,synthetic_static_object_145cm_trial_06,static_object,STILL,PIR_REMOVED,144.3,STATIC_OBJECT_NEAR,0.0,579128,0,1,2,0.0,0.0,0,"STILL,PIR_REMOVED,144.3,STATIC_OBJECT_NEAR,0.000,579128,0,1,2,0.0,0.00,0"
2026-06-25T22:51:55.561,1782427915561,synthetic_static_object_145cm_trial_06,static_object,STILL,PIR_REMOVED,145.1,STATIC_OBJECT_NEAR,0.0,579498,0,1,2,0.0,0.0,0,"STILL,PIR_REMOVED,145.1,STATIC_OBJECT_NEAR,0.000,579498,0,1,2,0.0,0.00,0"
2026-06-25T22:51:55.933,1782427915933,synthetic_static_object_145cm_trial_06,static_object,STILL,PIR_REMOVED,145.3,STATIC_OBJECT_NEAR,0.0,579870,0,1,2,0.0,0.0,0,"STILL,PIR_REMOVED,145.3,STATIC_OBJECT_NEAR,0.000,579870,0,1,2,0.0,0.00,0"
